{
    "loss": 24.316755294799805,
    "accuracy": 0.4378378391265869
}