{
    "loss": 9.125262260437012,
    "accuracy": 0.5783783793449402
}